{
  "name": "about-time",
  "title": "about-time",
  "description": "",
  "version": "0.1.7",
  "author": "tposney",
  "scripts": ["vars.js"],
  "esmodules": ["about-time.js", "Display.js"],
  "styles": ["about-time.css"],
  "packs": [],
  "languages": [],
  "minimumCoreVersion": "0.4.4",
  "socket": true,
  "url": "",
  "manifest": "https://gitlab.com/tposney/about-time/raw/master/package/module.json",
  "download": "https://gitlab.com/tposney/about-time/raw/master/package/about-time-v0.1.7.zip"
}
