{
  "name": "about-time",
  "title": "About Time",
  "description": "an adaptation from about time, origin creator @tposney",
  "version": "0.1.63chi",
  "author": "@tposney",
  "scripts": [],
  "esmodules": ["about-time.js", "module/display/Display.js"],
  "styles": ["about-time.css"],
  "packs": [],
  "languages": [
    {
        "lang": "en",
        "name": "English",
        "path": "lang/en.json"
    },
    {
        "lang": "de",
        "name": "Deutsch (German)",
        "path": "lang/de.json"
    },
    {
        "lang": "ko",
        "name": "Korean",
        "path": "lang/ko.json"
    },
    {
    	"lang": "ja",
        "name": " 日本語",
        "path": "lang/ja.json"
    },
    {
      "lang": "fr",
      "name": "Français",
      "path": "lang/fr.json"
    },
    {
      "lang": "pt-BR",
      "name": "Português (Brasil)",
      "path": "lang/pt-BR.json"
    },
    {
      "lang": "es",
      "name": "Español",
      "path": "lang/es.json"
    },
    {
      "lang": "it",
      "name": "Italian",
      "path": "lang/it.json"
    },
    {
      "lang": "cn",
      "name": "中文",
      "path": "lang/chi.json"
    }
  ],
  "minimumCoreVersion": "0.7.2",
  "compatibleCoreVersion": "0.7.3",
  "socket": true,
  "url": "https://github.com/benwater12/abouttimechi",
  "manifest": "https://raw.githubusercontent.com/benwater12/abouttimechi/main/src/module.json",
  "download": "https://github.com/benwater12/abouttimechi/archive/main.zip"
}
