{
  "name": "about-time",
  "title": "About Time",
  "description": "",
  "version": "0.1.37",
  "author": "tposney",
  "scripts": [],
  "esmodules": ["about-time.js", "module/display/Display.js"],
  "styles": ["about-time.css"],
  "packs": [],
  "languages": [
    {
        "lang": "en",
        "name": "English",
        "path": "lang/en.json"
    },
    {
    	"lang": "ja",
        "name": " 日本語",
        "path": "lang/ja.json"
    }
  ],
  "minimumCoreVersion": "0.4.5",
  "compatibleCoreVersion": "0.5.5",
  "socket": true,
  "url": "https://gitlab.com/tposney/about-time",
  "manifest": "https://gitlab.com/tposney/about-time/raw/master/package/module.json",
  "download": "https://gitlab.com/tposney/about-time/raw/master/package/about-time-v0.1.37.zip"
}
